{
    "Personal_First_Name": null,
    "Personal_Last_Name": null,
    "Personal_Birth_Date": null,
    "Personal_Age": null,
    "Personal_Address": null,
    "Personal_City": null,
    "Personal_State": null,
    "Personal_Zip_Code": null,
    "Personal_Race": null,
    "Personal_Ethnicity": null,
    "Personal_Marital_Status": null,
    "Personal_Sex": null,
    "Personal_Home_Phone": null,
    "Personal_Cell_Phone": null,
    "Personal_Social_Security_#": null,
    "Personal_Religion": null
}null